epoch,time,train/box_loss,train/seg_loss,train/cls_loss,train/dfl_loss,train/sem_loss,metrics/precision(B),metrics/recall(B),metrics/mAP50(B),metrics/mAP50-95(B),metrics/precision(M),metrics/recall(M),metrics/mAP50(M),metrics/mAP50-95(M),val/box_loss,val/seg_loss,val/cls_loss,val/dfl_loss,val/sem_loss,lr/pg0,lr/pg1,lr/pg2,lr/pg3,lr/pg4,lr/pg5,lr/pg6,lr/pg7
1,9.00755,2.14431,3.8584,4.74283,2.21104,0,0.00067,0.2,0.00046,5e-05,0.00067,0.2,0.00046,9e-05,2.05987,2.91096,5.46207,2.84772,0,0.00066,0.00022,0.00066,0.00022,0.00066,0.00022,0.00066,0.00022
2,15.8676,1.83333,3.0595,4.18273,1.99997,0,0.00067,0.2,0.00068,0.00055,0.00067,0.2,0.00068,0.00055,1.46311,2.46523,4.203,2.0935,0,0.00136634,0.000455446,0.00136634,0.000455446,0.00136634,0.000455446,0.00136634,0.000455446
3,22.6773,1.29013,2.03662,2.55645,1.43297,0,0.98447,0.8,0.96167,0.64834,0.98447,0.8,0.96167,0.69296,1.32633,1.76487,1.69862,1.26128,0,0.00205842,0.00068614,0.00205842,0.00068614,0.00205842,0.00068614,0.00205842,0.00068614
4,28.9998,0.90811,1.44544,1.30817,1.09764,0,1,0.9976,0.995,0.78645,1,0.9976,0.995,0.82237,0.79091,1.19966,0.83492,0.94955,0,0.00273625,0.000912082,0.00273625,0.000912082,0.00273625,0.000912082,0.00273625,0.000912082
5,35.435,0.8385,1.26433,0.91481,1.00827,0,0.99378,1,0.995,0.86032,0.99378,1,0.995,0.83954,0.57219,1.03902,0.41028,0.84151,0,0.00339982,0.00113327,0.00339982,0.00113327,0.00339982,0.00113327,0.00339982,0.00113327
6,41.4373,0.82217,1.15638,0.6787,0.97406,0,0.99051,1,0.995,0.87146,0.99051,1,0.995,0.86753,0.59316,0.89698,0.51012,0.85536,0,0.00404913,0.00134971,0.00404913,0.00134971,0.00404913,0.00134971,0.00404913,0.00134971
7,47.5316,0.77262,1.04845,0.77191,0.94262,0,0.99126,1,0.995,0.91503,0.99126,1,0.995,0.89507,0.50587,0.88477,0.33972,0.82233,0,0.00468419,0.0015614,0.00468419,0.0015614,0.00468419,0.0015614,0.00468419,0.0015614
8,53.2482,0.74818,1.02425,0.54019,0.9394,0,0.9903,1,0.995,0.88132,0.9903,1,0.995,0.84722,0.54284,1.00006,0.45434,0.84893,0,0.00530499,0.00176833,0.00530499,0.00176833,0.00530499,0.00176833,0.00530499,0.00176833
9,59.108,0.67843,0.95054,0.69993,0.93324,0,0.9913,1,0.995,0.92508,0.9913,1,0.995,0.83671,0.53492,0.97422,0.29997,0.83535,0,0.0055248,0.0018416,0.0055248,0.0018416,0.0055248,0.0018416,0.0055248,0.0018416
10,64.6415,0.73009,0.98158,0.5407,0.95075,0,0.98896,1,0.995,0.92311,0.98896,1,0.995,0.8955,0.49444,0.91774,0.38458,0.82354,0,0.0054654,0.0018218,0.0054654,0.0018218,0.0054654,0.0018218,0.0054654,0.0018218
11,70.6632,0.66753,0.92491,0.57756,0.92276,0,0.99131,1,0.995,0.9151,0.99131,1,0.995,0.83966,0.52832,0.96382,0.26104,0.83222,0,0.005406,0.001802,0.005406,0.001802,0.005406,0.001802,0.005406,0.001802
12,76.2383,0.65093,1.05197,0.4328,0.92407,0,0.99117,1,0.995,0.90053,0.99117,1,0.995,0.81204,0.4944,0.93819,0.28983,0.83101,0,0.0053466,0.0017822,0.0053466,0.0017822,0.0053466,0.0017822,0.0053466,0.0017822
13,82.1396,0.64633,0.96066,0.50251,0.93834,0,0.99101,1,0.995,0.90231,0.99101,1,0.995,0.87182,0.48382,0.97907,0.24162,0.82667,0,0.0052872,0.0017624,0.0052872,0.0017624,0.0052872,0.0017624,0.0052872,0.0017624
14,87.7748,0.65653,0.93056,0.40704,0.9123,0,0.99028,1,0.995,0.87193,0.99028,1,0.995,0.8955,0.55011,0.93648,0.26077,0.84876,0,0.0052278,0.0017426,0.0052278,0.0017426,0.0052278,0.0017426,0.0052278,0.0017426
15,93.6461,0.66385,0.95646,0.42831,0.9434,0,0.99079,1,0.995,0.8516,0.99079,1,0.995,0.84647,0.52567,0.99404,0.2414,0.84761,0,0.0051684,0.0017228,0.0051684,0.0017228,0.0051684,0.0017228,0.0051684,0.0017228
16,99.1624,0.67223,0.89678,0.38436,0.94571,0,0.99064,1,0.995,0.90438,0.99064,1,0.995,0.8955,0.49956,0.90157,0.25337,0.83231,0,0.005109,0.001703,0.005109,0.001703,0.005109,0.001703,0.005109,0.001703
17,105.067,0.66682,0.93089,0.36906,0.93589,0,0.9899,1,0.995,0.88398,0.9899,1,0.995,0.86541,0.50978,0.87023,0.22192,0.84588,0,0.0050496,0.0016832,0.0050496,0.0016832,0.0050496,0.0016832,0.0050496,0.0016832
18,110.721,0.74379,0.97508,0.37524,0.95873,0,0.99028,1,0.995,0.88193,0.99028,1,0.995,0.90301,0.43932,0.89212,0.22551,0.82027,0,0.0049902,0.0016634,0.0049902,0.0016634,0.0049902,0.0016634,0.0049902,0.0016634
19,116.558,0.67291,0.89634,0.33581,0.89542,0,0.98808,1,0.995,0.85198,0.98808,1,0.995,0.90393,0.55942,0.87945,0.28902,0.84362,0,0.0049308,0.0016436,0.0049308,0.0016436,0.0049308,0.0016436,0.0049308,0.0016436
20,122.141,0.64997,0.8623,0.33502,0.91089,0,0.99038,1,0.995,0.87923,0.99038,1,0.995,0.88575,0.579,1.009,0.26146,0.85744,0,0.0048714,0.0016238,0.0048714,0.0016238,0.0048714,0.0016238,0.0048714,0.0016238
21,128.047,0.64707,0.91376,0.30812,0.92132,0,0.9908,1,0.995,0.86883,0.9908,1,0.995,0.83392,0.63965,1.09936,0.26301,0.8772,0,0.004812,0.001604,0.004812,0.001604,0.004812,0.001604,0.004812,0.001604
22,133.623,0.71141,0.94558,0.34625,0.93121,0,0.99055,1,0.995,0.86963,0.99055,1,0.995,0.88553,0.50785,0.96233,0.2152,0.81904,0,0.0047526,0.0015842,0.0047526,0.0015842,0.0047526,0.0015842,0.0047526,0.0015842
23,139.484,0.63064,0.93936,0.33984,0.92014,0,0.98943,1,0.995,0.87966,0.98943,1,0.995,0.8542,0.57754,1.02741,0.25282,0.84853,0,0.0046932,0.0015644,0.0046932,0.0015644,0.0046932,0.0015644,0.0046932,0.0015644
24,145.225,0.63023,0.89799,0.37844,0.91542,0,0.99015,1,0.995,0.87524,0.99015,1,0.995,0.85989,0.57912,1.0555,0.2329,0.86481,0,0.0046338,0.0015446,0.0046338,0.0015446,0.0046338,0.0015446,0.0046338,0.0015446
25,151.928,0.60997,0.91352,0.31999,0.90676,0,0.99081,1,0.995,0.88671,0.99081,1,0.995,0.83319,0.49745,1.15324,0.20988,0.83433,0,0.0045744,0.0015248,0.0045744,0.0015248,0.0045744,0.0015248,0.0045744,0.0015248
26,158.16,0.63514,0.90739,0.32528,0.90452,0,0.99045,1,0.995,0.87135,0.99045,1,0.995,0.84575,0.48939,0.87328,0.28276,0.82388,0,0.004515,0.001505,0.004515,0.001505,0.004515,0.001505,0.004515,0.001505
27,165.116,0.60238,0.83967,0.31899,0.91191,0,0.99099,1,0.995,0.89452,0.99099,1,0.995,0.875,0.49681,1.07182,0.2522,0.81733,0,0.0044556,0.0014852,0.0044556,0.0014852,0.0044556,0.0014852,0.0044556,0.0014852
28,171.481,0.54386,0.89919,0.29532,0.88718,0,0.99077,1,0.995,0.91794,0.99077,1,0.995,0.83131,0.49362,1.15852,0.25702,0.81858,0,0.0043962,0.0014654,0.0043962,0.0014654,0.0043962,0.0014654,0.0043962,0.0014654
29,177.69,0.60105,0.8455,0.32189,0.90107,0,0.99021,1,0.995,0.94067,0.99021,1,0.995,0.9039,0.41666,1.04556,0.22302,0.81401,0,0.0043368,0.0014456,0.0043368,0.0014456,0.0043368,0.0014456,0.0043368,0.0014456
30,183.709,0.56981,0.78159,0.30041,0.89596,0,0.99085,1,0.995,0.89452,0.99085,1,0.995,0.87298,0.4854,1.02362,0.25367,0.82998,0,0.0042774,0.0014258,0.0042774,0.0014258,0.0042774,0.0014258,0.0042774,0.0014258
31,189.84,0.57607,0.82387,0.30621,0.86068,0,0.99093,1,0.995,0.92571,0.99093,1,0.995,0.90279,0.46538,1.04468,0.21,0.82255,0,0.004218,0.001406,0.004218,0.001406,0.004218,0.001406,0.004218,0.001406
32,195.54,0.57394,0.85984,0.3104,0.88961,0,0.99101,1,0.995,0.86109,0.99101,1,0.995,0.80943,0.65183,1.40337,0.24742,0.88172,0,0.0041586,0.0013862,0.0041586,0.0013862,0.0041586,0.0013862,0.0041586,0.0013862
33,201.513,0.60797,0.87145,0.32379,0.90905,0,0.99086,1,0.995,0.88413,0.99086,1,0.995,0.86346,0.53534,1.16777,0.22026,0.8427,0,0.0040992,0.0013664,0.0040992,0.0013664,0.0040992,0.0013664,0.0040992,0.0013664
34,207.141,0.63528,1.00834,0.3488,0.92699,0,0.99087,1,0.995,0.8945,0.99087,1,0.995,0.89275,0.54278,1.08676,0.22765,0.84419,0,0.0040398,0.0013466,0.0040398,0.0013466,0.0040398,0.0013466,0.0040398,0.0013466
35,213.154,0.56633,0.90622,0.30593,0.92151,0,0.99101,1,0.995,0.86853,0.99101,1,0.995,0.8708,0.43494,0.91432,0.24162,0.81246,0,0.0039804,0.0013268,0.0039804,0.0013268,0.0039804,0.0013268,0.0039804,0.0013268
36,218.842,0.59694,0.83627,0.32423,0.89165,0,0.99045,1,0.995,0.91548,0.99045,1,0.995,0.88484,0.47602,0.96207,0.25171,0.8289,0,0.003921,0.001307,0.003921,0.001307,0.003921,0.001307,0.003921,0.001307
37,224.848,0.59309,0.82758,0.31999,0.9291,0,0.99061,1,0.995,0.90708,0.99061,1,0.995,0.88538,0.61295,0.8683,0.25532,0.86796,0,0.0038616,0.0012872,0.0038616,0.0012872,0.0038616,0.0012872,0.0038616,0.0012872
38,230.564,0.55072,0.82284,0.30739,0.87279,0,0.99077,1,0.995,0.90187,0.99077,1,0.995,0.879,0.57591,0.87392,0.24395,0.83536,0,0.0038022,0.0012674,0.0038022,0.0012674,0.0038022,0.0012674,0.0038022,0.0012674
39,236.559,0.55034,0.77112,0.28536,0.90542,0,0.99077,1,0.995,0.912,0.99077,1,0.995,0.912,0.4478,0.8588,0.22687,0.81106,0,0.0037428,0.0012476,0.0037428,0.0012476,0.0037428,0.0012476,0.0037428,0.0012476
40,242.404,0.55601,0.87405,0.31025,0.88059,0,0.99104,1,0.995,0.90875,0.99104,1,0.995,0.90875,0.54451,0.98119,0.24254,0.83527,0,0.0036834,0.0012278,0.0036834,0.0012278,0.0036834,0.0012278,0.0036834,0.0012278
41,248.455,0.581,0.82741,0.30199,0.90218,0,0.99073,1,0.995,0.92196,0.99073,1,0.995,0.91104,0.46142,0.85823,0.21664,0.81241,0,0.003624,0.001208,0.003624,0.001208,0.003624,0.001208,0.003624,0.001208
42,254.13,0.50403,0.77259,0.2893,0.85933,0,0.99083,1,0.995,0.94517,0.99083,1,0.995,0.912,0.47932,0.9595,0.20693,0.82695,0,0.0035646,0.0011882,0.0035646,0.0011882,0.0035646,0.0011882,0.0035646,0.0011882
43,260.25,0.55494,0.84989,0.29672,0.89179,0,1,1,0.995,0.8799,1,1,0.995,0.9075,0.58388,1.19142,0.23866,0.85726,0,0.0035052,0.0011684,0.0035052,0.0011684,0.0035052,0.0011684,0.0035052,0.0011684
44,265.96,0.48878,0.79324,0.28289,0.86528,0,0.99078,1,0.995,0.92417,0.99078,1,0.995,0.90075,0.53719,1.08291,0.24391,0.84302,0,0.0034458,0.0011486,0.0034458,0.0011486,0.0034458,0.0011486,0.0034458,0.0011486
45,271.962,0.51422,0.73232,0.26562,0.86044,0,0.99079,1,0.995,0.93925,0.99079,1,0.995,0.90075,0.4905,1.08484,0.21765,0.83018,0,0.0033864,0.0011288,0.0033864,0.0011288,0.0033864,0.0011288,0.0033864,0.0011288
46,277.569,0.56372,0.80548,0.30389,0.88588,0,1,1,0.995,0.87765,1,1,0.995,0.8753,0.56551,1.26551,0.23633,0.85993,0,0.003327,0.001109,0.003327,0.001109,0.003327,0.001109,0.003327,0.001109
47,283.679,0.51033,0.7624,0.28088,0.87133,0,1,1,0.995,0.9372,1,1,0.995,0.8995,0.48282,1.11256,0.20833,0.83662,0,0.0032676,0.0010892,0.0032676,0.0010892,0.0032676,0.0010892,0.0032676,0.0010892
48,289.367,0.52108,0.77789,0.28743,0.89569,0,1,1,0.995,0.89775,1,1,0.995,0.87765,0.53459,1.1753,0.22423,0.85542,0,0.0032082,0.0010694,0.0032082,0.0010694,0.0032082,0.0010694,0.0032082,0.0010694
49,295.342,0.52368,0.77715,0.27696,0.88481,0,1,1,0.995,0.89775,1,1,0.995,0.8438,0.50806,1.08459,0.1966,0.84588,0,0.0031488,0.0010496,0.0031488,0.0010496,0.0031488,0.0010496,0.0031488,0.0010496
50,301.002,0.47838,0.71811,0.26956,0.86071,0,1,1,0.995,0.9039,1,1,0.995,0.83698,0.50227,1.07792,0.20458,0.84335,0,0.0030894,0.0010298,0.0030894,0.0010298,0.0030894,0.0010298,0.0030894,0.0010298
51,307.074,0.51106,0.79835,0.27393,0.8789,0,0.99072,1,0.995,0.89304,0.99072,1,0.995,0.85865,0.52663,1.05273,0.20795,0.83799,0,0.00303,0.00101,0.00303,0.00101,0.00303,0.00101,0.00303,0.00101
52,313.108,0.48436,0.75086,0.28543,0.86085,0,1,1,0.995,0.9075,1,1,0.995,0.88073,0.52318,1.18269,0.21186,0.838,0,0.0029706,0.0009902,0.0029706,0.0009902,0.0029706,0.0009902,0.0029706,0.0009902
53,319.139,0.49979,0.73436,0.26558,0.873,0,1,1,0.995,0.88065,1,1,0.995,0.86555,0.58968,1.2261,0.22309,0.84727,0,0.0029112,0.0009704,0.0029112,0.0009704,0.0029112,0.0009704,0.0029112,0.0009704
54,324.749,0.48648,0.73587,0.26363,0.87276,0,0.99086,1,0.995,0.90075,0.99086,1,0.995,0.90475,0.56461,1.09518,0.19759,0.83537,0,0.0028518,0.0009506,0.0028518,0.0009506,0.0028518,0.0009506,0.0028518,0.0009506
55,330.737,0.47134,0.72195,0.27026,0.85513,0,0.99083,1,0.995,0.882,0.99083,1,0.995,0.86525,0.68989,1.20346,0.24824,0.87331,0,0.0027924,0.0009308,0.0027924,0.0009308,0.0027924,0.0009308,0.0027924,0.0009308
56,336.446,0.49045,0.74725,0.27544,0.85896,0,0.99086,1,0.995,0.882,0.99086,1,0.995,0.86525,0.64785,1.24424,0.23322,0.86648,0,0.002733,0.000911,0.002733,0.000911,0.002733,0.000911,0.002733,0.000911
57,342.524,0.45312,0.7459,0.24957,0.85915,0,1,1,0.995,0.8904,1,1,0.995,0.8904,0.54663,1.21424,0.21977,0.84471,0,0.0026736,0.0008912,0.0026736,0.0008912,0.0026736,0.0008912,0.0026736,0.0008912
58,348.26,0.45511,0.69004,0.25606,0.8534,0,1,1,0.995,0.9035,1,1,0.995,0.9035,0.51602,1.21935,0.21317,0.8282,0,0.0026142,0.0008714,0.0026142,0.0008714,0.0026142,0.0008714,0.0026142,0.0008714
59,354.227,0.47534,0.67479,0.2481,0.86594,0,0.99072,1,0.995,0.88756,0.99072,1,0.995,0.88756,0.44783,1.14262,0.17857,0.81483,0,0.0025548,0.0008516,0.0025548,0.0008516,0.0025548,0.0008516,0.0025548,0.0008516
60,359.971,0.47164,0.70386,0.26469,0.8471,0,0.99083,1,0.995,0.912,0.99083,1,0.995,0.912,0.45472,1.11129,0.18208,0.81874,0,0.0024954,0.0008318,0.0024954,0.0008318,0.0024954,0.0008318,0.0024954,0.0008318
61,365.981,0.47367,0.69297,0.26422,0.85924,0,0.99094,1,0.995,0.90875,0.99094,1,0.995,0.879,0.44664,1.09274,0.1796,0.82502,0,0.002436,0.000812,0.002436,0.000812,0.002436,0.000812,0.002436,0.000812
62,371.899,0.43696,0.68988,0.27559,0.86001,0,1,1,0.995,0.9101,1,1,0.995,0.86123,0.48841,1.1649,0.20424,0.83084,0,0.0023766,0.0007922,0.0023766,0.0007922,0.0023766,0.0007922,0.0023766,0.0007922
63,378.222,0.41147,0.68699,0.24782,0.83913,0,1,1,0.995,0.9101,1,1,0.995,0.86123,0.419,1.16398,0.17676,0.81854,0,0.0023172,0.0007724,0.0023172,0.0007724,0.0023172,0.0007724,0.0023172,0.0007724
64,384.036,0.4618,0.71088,0.24327,0.85404,0,1,1,0.995,0.9101,1,1,0.995,0.8824,0.45174,1.15519,0.18297,0.82402,0,0.0022578,0.0007526,0.0022578,0.0007526,0.0022578,0.0007526,0.0022578,0.0007526
65,390.124,0.45455,0.68889,0.25107,0.84676,0,1,1,0.995,0.94053,1,1,0.995,0.86773,0.42569,1.12356,0.19047,0.81714,0,0.0021984,0.0007328,0.0021984,0.0007328,0.0021984,0.0007328,0.0021984,0.0007328
66,395.915,0.47514,0.76238,0.28136,0.87547,0,0.99095,1,0.995,0.90713,0.99095,1,0.995,0.85357,0.4433,1.08324,0.20564,0.81546,0,0.002139,0.000713,0.002139,0.000713,0.002139,0.000713,0.002139,0.000713
67,402.12,0.44938,0.64165,0.26306,0.84124,0,0.99092,1,0.995,0.93517,0.99092,1,0.995,0.88613,0.41233,1.01961,0.18682,0.80442,0,0.0020796,0.0006932,0.0020796,0.0006932,0.0020796,0.0006932,0.0020796,0.0006932
68,408.037,0.42253,0.68451,0.24459,0.8669,0,0.99086,1,0.995,0.90713,0.99086,1,0.995,0.88613,0.42164,1.00268,0.18504,0.80432,0,0.0020202,0.0006734,0.0020202,0.0006734,0.0020202,0.0006734,0.0020202,0.0006734
69,414.441,0.48194,0.77934,0.27301,0.84763,0,1,1,0.995,0.8955,1,1,0.995,0.8824,0.49645,1.24145,0.20071,0.82202,0,0.0019608,0.0006536,0.0019608,0.0006536,0.0019608,0.0006536,0.0019608,0.0006536
70,420.485,0.40081,0.64292,0.24219,0.83893,0,1,1,0.995,0.91335,1,1,0.995,0.88565,0.47759,1.21387,0.20048,0.81069,0,0.0019014,0.0006338,0.0019014,0.0006338,0.0019014,0.0006338,0.0019014,0.0006338
71,426.809,0.4146,0.5923,0.23918,0.84301,0,0.99089,1,0.995,0.92079,0.99089,1,0.995,0.90279,0.47152,1.30424,0.19747,0.8168,0,0.001842,0.000614,0.001842,0.000614,0.001842,0.000614,0.001842,0.000614
72,432.787,0.4005,0.63915,0.24006,0.84305,0,0.9909,1,0.995,0.92079,0.9909,1,0.995,0.90279,0.43985,1.25763,0.20013,0.80676,0,0.0017826,0.0005942,0.0017826,0.0005942,0.0017826,0.0005942,0.0017826,0.0005942
73,439.427,0.39233,0.60082,0.22717,0.83597,0,0.99098,1,0.995,0.912,0.99098,1,0.995,0.895,0.44293,1.28823,0.18596,0.81752,0,0.0017232,0.0005744,0.0017232,0.0005744,0.0017232,0.0005744,0.0017232,0.0005744
74,445.425,0.39592,0.64419,0.24197,0.82842,0,0.991,1,0.995,0.912,0.991,1,0.995,0.912,0.43106,1.18032,0.18202,0.81131,0,0.0016638,0.0005546,0.0016638,0.0005546,0.0016638,0.0005546,0.0016638,0.0005546
75,452.066,0.42376,0.63783,0.24025,0.85104,0,1,1,0.995,0.9101,1,1,0.995,0.8586,0.47076,1.3798,0.19617,0.82897,0,0.0016044,0.0005348,0.0016044,0.0005348,0.0016044,0.0005348,0.0016044,0.0005348
76,458.236,0.3957,0.65932,0.22241,0.85046,0,1,1,0.995,0.9101,1,1,0.995,0.8826,0.44105,1.29287,0.17201,0.82024,0,0.001545,0.000515,0.001545,0.000515,0.001545,0.000515,0.001545,0.000515
77,464.586,0.40033,0.65254,0.23158,0.84134,0,1,1,0.995,0.9101,1,1,0.995,0.8826,0.44668,1.24909,0.18513,0.82024,0,0.0014856,0.0004952,0.0014856,0.0004952,0.0014856,0.0004952,0.0014856,0.0004952
78,470.937,0.39452,0.62499,0.22381,0.84961,0,1,1,0.995,0.9101,1,1,0.995,0.8826,0.4806,1.33424,0.19487,0.83237,0,0.0014262,0.0004754,0.0014262,0.0004754,0.0014262,0.0004754,0.0014262,0.0004754
79,477.38,0.40425,0.65513,0.23434,0.86103,0,1,1,0.995,0.90847,1,1,0.995,0.85697,0.48643,1.36718,0.19599,0.83508,0,0.0013668,0.0004556,0.0013668,0.0004556,0.0013668,0.0004556,0.0013668,0.0004556
80,483.224,0.40863,0.63184,0.23853,0.87167,0,1,1,0.995,0.90847,1,1,0.995,0.84093,0.51761,1.37092,0.19606,0.84083,0,0.0013074,0.0004358,0.0013074,0.0004358,0.0013074,0.0004358,0.0013074,0.0004358
81,489.405,0.36764,0.61671,0.21426,0.82679,0,1,1,0.995,0.9075,1,1,0.995,0.836,0.55105,1.45079,0.21437,0.85246,0,0.001248,0.000416,0.001248,0.000416,0.001248,0.000416,0.001248,0.000416
82,495.155,0.36829,0.60868,0.21368,0.83731,0,1,1,0.995,0.9075,1,1,0.995,0.836,0.56124,1.45221,0.21456,0.85381,0,0.0011886,0.0003962,0.0011886,0.0003962,0.0011886,0.0003962,0.0011886,0.0003962
83,501.459,0.40079,0.64105,0.23567,0.83009,0,1,1,0.995,0.9075,1,1,0.995,0.836,0.54124,1.42254,0.22076,0.84903,0,0.0011292,0.0003764,0.0011292,0.0003764,0.0011292,0.0003764,0.0011292,0.0003764
84,507.333,0.40818,0.65503,0.22332,0.8661,0,1,1,0.995,0.9075,1,1,0.995,0.82,0.55345,1.51954,0.2247,0.85531,0,0.0010698,0.0003566,0.0010698,0.0003566,0.0010698,0.0003566,0.0010698,0.0003566
85,513.45,0.38428,0.63304,0.21695,0.83548,0,0.99093,1,0.995,0.90615,0.99093,1,0.995,0.83262,0.53737,1.46244,0.20069,0.85223,0,0.0010104,0.0003368,0.0010104,0.0003368,0.0010104,0.0003368,0.0010104,0.0003368
86,519.632,0.39446,0.60599,0.23721,0.84783,0,0.99093,1,0.995,0.90615,0.99093,1,0.995,0.8604,0.51954,1.37607,0.19939,0.84664,0,0.000951,0.000317,0.000951,0.000317,0.000951,0.000317,0.000951,0.000317
87,526.379,0.37357,0.61619,0.21749,0.82496,0,0.99096,1,0.995,0.90615,0.99096,1,0.995,0.8604,0.51739,1.36717,0.18708,0.83945,0,0.0008916,0.0002972,0.0008916,0.0002972,0.0008916,0.0002972,0.0008916,0.0002972
88,532.805,0.39202,0.68575,0.22704,0.86904,0,0.99101,1,0.995,0.90615,0.99101,1,0.995,0.8604,0.50168,1.31612,0.18421,0.83547,0,0.0008322,0.0002774,0.0008322,0.0002774,0.0008322,0.0002774,0.0008322,0.0002774
89,539.379,0.40479,0.63271,0.22504,0.8581,0,0.99098,1,0.995,0.90615,0.99098,1,0.995,0.88515,0.50961,1.33007,0.18284,0.83824,0,0.0007728,0.0002576,0.0007728,0.0002576,0.0007728,0.0002576,0.0007728,0.0002576
90,545.702,0.35139,0.55771,0.19669,0.83365,0,0.99101,1,0.995,0.90615,0.99101,1,0.995,0.83262,0.52071,1.36992,0.18993,0.84198,0,0.0007134,0.0002378,0.0007134,0.0002378,0.0007134,0.0002378,0.0007134,0.0002378
91,571.196,0.31694,0.55504,0.18182,0.81228,0,1,1,0.995,0.9075,1,1,0.995,0.856,0.50593,1.32401,0.19202,0.83712,0,0.000654,0.000218,0.000654,0.000218,0.000654,0.000218,0.000654,0.000218
92,576.887,0.31349,0.52488,0.1781,0.80855,0,1,1,0.995,0.90847,1,1,0.995,0.824,0.50658,1.2857,0.20344,0.83621,0,0.0005946,0.0001982,0.0005946,0.0001982,0.0005946,0.0001982,0.0005946,0.0001982
93,582.997,0.32133,0.5344,0.18613,0.79825,0,0.99104,1,0.995,0.88416,0.99104,1,0.995,0.83117,0.52475,1.38214,0.20258,0.84023,0,0.0005352,0.0001784,0.0005352,0.0001784,0.0005352,0.0001784,0.0005352,0.0001784
94,588.733,0.30901,0.52349,0.17658,0.81054,0,0.99093,1,0.995,0.88416,0.99093,1,0.995,0.83117,0.54041,1.42446,0.20157,0.84252,0,0.0004758,0.0001586,0.0004758,0.0001586,0.0004758,0.0001586,0.0004758,0.0001586
95,594.689,0.30288,0.51107,0.17127,0.78493,0,0.99103,1,0.995,0.89175,0.99103,1,0.995,0.86433,0.54823,1.46975,0.20675,0.84634,0,0.0004164,0.0001388,0.0004164,0.0001388,0.0004164,0.0001388,0.0004164,0.0001388
96,600.197,0.30725,0.52295,0.1757,0.81679,0,1,1,0.995,0.8945,1,1,0.995,0.86773,0.54814,1.46272,0.20526,0.84439,0,0.000357,0.000119,0.000357,0.000119,0.000357,0.000119,0.000357,0.000119
97,606.02,0.31056,0.50559,0.17966,0.80133,0,0.9911,1,0.995,0.89175,0.9911,1,0.995,0.86433,0.54052,1.41937,0.20207,0.84167,0,0.0002976,9.92e-05,0.0002976,9.92e-05,0.0002976,9.92e-05,0.0002976,9.92e-05
98,611.509,0.31529,0.54174,0.19111,0.80816,0,0.99103,1,0.995,0.89175,0.99103,1,0.995,0.86433,0.53532,1.39643,0.19671,0.83954,0,0.0002382,7.94e-05,0.0002382,7.94e-05,0.0002382,7.94e-05,0.0002382,7.94e-05
99,617.341,0.30188,0.50316,0.17542,0.81249,0,1,1,0.995,0.9101,1,1,0.995,0.86773,0.52313,1.37506,0.18952,0.83721,0,0.0001788,5.96e-05,0.0001788,5.96e-05,0.0001788,5.96e-05,0.0001788,5.96e-05
100,622.81,0.29481,0.52128,0.16626,0.81176,0,1,1,0.995,0.9101,1,1,0.995,0.86773,0.5188,1.36205,0.1939,0.83753,0,0.0001194,3.98e-05,0.0001194,3.98e-05,0.0001194,3.98e-05,0.0001194,3.98e-05
